--
-- PostgreSQL database dump
--

-- Dumped from database version 14.8 (Ubuntu 14.8-0ubuntu0.22.04.1)
-- Dumped by pg_dump version 14.8 (Ubuntu 14.8-0ubuntu0.22.04.1)

SET statement_timeout = 0;
SET lock_timeout = 0;
SET idle_in_transaction_session_timeout = 0;
SET client_encoding = 'UTF8';
SET standard_conforming_strings = on;
SELECT pg_catalog.set_config('search_path', '', false);
SET check_function_bodies = false;
SET xmloption = content;
SET client_min_messages = warning;
SET row_security = off;

SET default_tablespace = '';

SET default_table_access_method = heap;

--
-- Name: auth_group; Type: TABLE; Schema: public; Owner: databaseadmin
--

CREATE TABLE public.auth_group (
    id integer NOT NULL,
    name character varying(150) NOT NULL
);


ALTER TABLE public.auth_group OWNER TO databaseadmin;

--
-- Name: auth_group_id_seq; Type: SEQUENCE; Schema: public; Owner: databaseadmin
--

ALTER TABLE public.auth_group ALTER COLUMN id ADD GENERATED BY DEFAULT AS IDENTITY (
    SEQUENCE NAME public.auth_group_id_seq
    START WITH 1
    INCREMENT BY 1
    NO MINVALUE
    NO MAXVALUE
    CACHE 1
);


--
-- Name: auth_group_permissions; Type: TABLE; Schema: public; Owner: databaseadmin
--

CREATE TABLE public.auth_group_permissions (
    id bigint NOT NULL,
    group_id integer NOT NULL,
    permission_id integer NOT NULL
);


ALTER TABLE public.auth_group_permissions OWNER TO databaseadmin;

--
-- Name: auth_group_permissions_id_seq; Type: SEQUENCE; Schema: public; Owner: databaseadmin
--

ALTER TABLE public.auth_group_permissions ALTER COLUMN id ADD GENERATED BY DEFAULT AS IDENTITY (
    SEQUENCE NAME public.auth_group_permissions_id_seq
    START WITH 1
    INCREMENT BY 1
    NO MINVALUE
    NO MAXVALUE
    CACHE 1
);


--
-- Name: auth_permission; Type: TABLE; Schema: public; Owner: databaseadmin
--

CREATE TABLE public.auth_permission (
    id integer NOT NULL,
    name character varying(255) NOT NULL,
    content_type_id integer NOT NULL,
    codename character varying(100) NOT NULL
);


ALTER TABLE public.auth_permission OWNER TO databaseadmin;

--
-- Name: auth_permission_id_seq; Type: SEQUENCE; Schema: public; Owner: databaseadmin
--

ALTER TABLE public.auth_permission ALTER COLUMN id ADD GENERATED BY DEFAULT AS IDENTITY (
    SEQUENCE NAME public.auth_permission_id_seq
    START WITH 1
    INCREMENT BY 1
    NO MINVALUE
    NO MAXVALUE
    CACHE 1
);


--
-- Name: auth_user; Type: TABLE; Schema: public; Owner: databaseadmin
--

CREATE TABLE public.auth_user (
    id integer NOT NULL,
    password character varying(128) NOT NULL,
    last_login timestamp with time zone,
    is_superuser boolean NOT NULL,
    username character varying(150) NOT NULL,
    first_name character varying(150) NOT NULL,
    last_name character varying(150) NOT NULL,
    email character varying(254) NOT NULL,
    is_staff boolean NOT NULL,
    is_active boolean NOT NULL,
    date_joined timestamp with time zone NOT NULL
);


ALTER TABLE public.auth_user OWNER TO databaseadmin;

--
-- Name: auth_user_groups; Type: TABLE; Schema: public; Owner: databaseadmin
--

CREATE TABLE public.auth_user_groups (
    id bigint NOT NULL,
    user_id integer NOT NULL,
    group_id integer NOT NULL
);


ALTER TABLE public.auth_user_groups OWNER TO databaseadmin;

--
-- Name: auth_user_groups_id_seq; Type: SEQUENCE; Schema: public; Owner: databaseadmin
--

ALTER TABLE public.auth_user_groups ALTER COLUMN id ADD GENERATED BY DEFAULT AS IDENTITY (
    SEQUENCE NAME public.auth_user_groups_id_seq
    START WITH 1
    INCREMENT BY 1
    NO MINVALUE
    NO MAXVALUE
    CACHE 1
);


--
-- Name: auth_user_id_seq; Type: SEQUENCE; Schema: public; Owner: databaseadmin
--

ALTER TABLE public.auth_user ALTER COLUMN id ADD GENERATED BY DEFAULT AS IDENTITY (
    SEQUENCE NAME public.auth_user_id_seq
    START WITH 1
    INCREMENT BY 1
    NO MINVALUE
    NO MAXVALUE
    CACHE 1
);


--
-- Name: auth_user_user_permissions; Type: TABLE; Schema: public; Owner: databaseadmin
--

CREATE TABLE public.auth_user_user_permissions (
    id bigint NOT NULL,
    user_id integer NOT NULL,
    permission_id integer NOT NULL
);


ALTER TABLE public.auth_user_user_permissions OWNER TO databaseadmin;

--
-- Name: auth_user_user_permissions_id_seq; Type: SEQUENCE; Schema: public; Owner: databaseadmin
--

ALTER TABLE public.auth_user_user_permissions ALTER COLUMN id ADD GENERATED BY DEFAULT AS IDENTITY (
    SEQUENCE NAME public.auth_user_user_permissions_id_seq
    START WITH 1
    INCREMENT BY 1
    NO MINVALUE
    NO MAXVALUE
    CACHE 1
);


--
-- Name: database_articles; Type: TABLE; Schema: public; Owner: databaseadmin
--

CREATE TABLE public.database_articles (
    id bigint NOT NULL,
    seller_article character varying(50) NOT NULL,
    title character varying(100),
    nomenclature character varying(20),
    article_wb character varying(50),
    article_ozon character varying(50),
    article_yandex character varying(50),
    article_sber character varying(50),
    barcode_wb character varying(13),
    barcode_ozon character varying(13),
    barcode_yandex character varying(13),
    barcode_sber character varying(13),
    multiplicity smallint,
    CONSTRAINT database_articles_multiplicity_check CHECK ((multiplicity >= 0))
);


ALTER TABLE public.database_articles OWNER TO databaseadmin;

--
-- Name: database_articles_id_seq; Type: SEQUENCE; Schema: public; Owner: databaseadmin
--

ALTER TABLE public.database_articles ALTER COLUMN id ADD GENERATED BY DEFAULT AS IDENTITY (
    SEQUENCE NAME public.database_articles_id_seq
    START WITH 1
    INCREMENT BY 1
    NO MINVALUE
    NO MAXVALUE
    CACHE 1
);


--
-- Name: database_codingmarketplaces; Type: TABLE; Schema: public; Owner: databaseadmin
--

CREATE TABLE public.database_codingmarketplaces (
    id bigint NOT NULL,
    marketpalce character varying(15) NOT NULL
);


ALTER TABLE public.database_codingmarketplaces OWNER TO databaseadmin;

--
-- Name: database_codingmarketplaces_id_seq; Type: SEQUENCE; Schema: public; Owner: databaseadmin
--

ALTER TABLE public.database_codingmarketplaces ALTER COLUMN id ADD GENERATED BY DEFAULT AS IDENTITY (
    SEQUENCE NAME public.database_codingmarketplaces_id_seq
    START WITH 1
    INCREMENT BY 1
    NO MINVALUE
    NO MAXVALUE
    CACHE 1
);


--
-- Name: database_codingwbstock; Type: TABLE; Schema: public; Owner: databaseadmin
--

CREATE TABLE public.database_codingwbstock (
    id bigint NOT NULL,
    wb_stock character varying(40) NOT NULL
);


ALTER TABLE public.database_codingwbstock OWNER TO databaseadmin;

--
-- Name: database_codingwbstock_id_seq; Type: SEQUENCE; Schema: public; Owner: databaseadmin
--

ALTER TABLE public.database_codingwbstock ALTER COLUMN id ADD GENERATED BY DEFAULT AS IDENTITY (
    SEQUENCE NAME public.database_codingwbstock_id_seq
    START WITH 1
    INCREMENT BY 1
    NO MINVALUE
    NO MAXVALUE
    CACHE 1
);


--
-- Name: database_reviews; Type: TABLE; Schema: public; Owner: databaseadmin
--

CREATE TABLE public.database_reviews (
    id bigint NOT NULL,
    pub_date date NOT NULL,
    article_marketplace character varying(50) NOT NULL,
    text text NOT NULL,
    code_marketplace_id bigint NOT NULL
);


ALTER TABLE public.database_reviews OWNER TO databaseadmin;

--
-- Name: database_reviews_id_seq; Type: SEQUENCE; Schema: public; Owner: databaseadmin
--

ALTER TABLE public.database_reviews ALTER COLUMN id ADD GENERATED BY DEFAULT AS IDENTITY (
    SEQUENCE NAME public.database_reviews_id_seq
    START WITH 1
    INCREMENT BY 1
    NO MINVALUE
    NO MAXVALUE
    CACHE 1
);


--
-- Name: database_sales; Type: TABLE; Schema: public; Owner: databaseadmin
--

CREATE TABLE public.database_sales (
    id bigint NOT NULL,
    pub_date date NOT NULL,
    article_marketplace character varying(50) NOT NULL,
    amount smallint NOT NULL,
    avg_price_sale double precision NOT NULL,
    sum_sale integer NOT NULL,
    sum_pay integer NOT NULL,
    code_marketplace_id bigint NOT NULL,
    CONSTRAINT database_sales_amount_check CHECK ((amount >= 0))
);


ALTER TABLE public.database_sales OWNER TO databaseadmin;

--
-- Name: database_sales_id_seq; Type: SEQUENCE; Schema: public; Owner: databaseadmin
--

ALTER TABLE public.database_sales ALTER COLUMN id ADD GENERATED BY DEFAULT AS IDENTITY (
    SEQUENCE NAME public.database_sales_id_seq
    START WITH 1
    INCREMENT BY 1
    NO MINVALUE
    NO MAXVALUE
    CACHE 1
);


--
-- Name: database_shelvingstocks; Type: TABLE; Schema: public; Owner: databaseadmin
--

CREATE TABLE public.database_shelvingstocks (
    id bigint NOT NULL,
    pub_date date NOT NULL,
    seller_article_wb character varying(50),
    seller_article character varying(50) NOT NULL,
    shelf_number character varying(50) NOT NULL,
    amount smallint NOT NULL,
    CONSTRAINT database_shelvingstocks_amount_check CHECK ((amount >= 0))
);


ALTER TABLE public.database_shelvingstocks OWNER TO databaseadmin;

--
-- Name: database_shelvingstocks_id_seq; Type: SEQUENCE; Schema: public; Owner: databaseadmin
--

ALTER TABLE public.database_shelvingstocks ALTER COLUMN id ADD GENERATED BY DEFAULT AS IDENTITY (
    SEQUENCE NAME public.database_shelvingstocks_id_seq
    START WITH 1
    INCREMENT BY 1
    NO MINVALUE
    NO MAXVALUE
    CACHE 1
);


--
-- Name: database_stocks; Type: TABLE; Schema: public; Owner: databaseadmin
--

CREATE TABLE public.database_stocks (
    id bigint NOT NULL,
    pub_date date NOT NULL,
    seller_article character varying(50),
    article_marketplace character varying(50) NOT NULL,
    amount smallint NOT NULL,
    code_marketplace_id bigint NOT NULL,
    CONSTRAINT database_stocks_amount_check CHECK ((amount >= 0))
);


ALTER TABLE public.database_stocks OWNER TO databaseadmin;

--
-- Name: database_stocks_id_seq; Type: SEQUENCE; Schema: public; Owner: databaseadmin
--

ALTER TABLE public.database_stocks ALTER COLUMN id ADD GENERATED BY DEFAULT AS IDENTITY (
    SEQUENCE NAME public.database_stocks_id_seq
    START WITH 1
    INCREMENT BY 1
    NO MINVALUE
    NO MAXVALUE
    CACHE 1
);


--
-- Name: database_wildberriesstocks; Type: TABLE; Schema: public; Owner: databaseadmin
--

CREATE TABLE public.database_wildberriesstocks (
    id bigint NOT NULL,
    pub_date date NOT NULL,
    seller_article_wb character varying(50),
    article_wb character varying(50) NOT NULL,
    amount smallint NOT NULL,
    code_stock_id bigint NOT NULL,
    CONSTRAINT database_wildberriesstocks_amount_check CHECK ((amount >= 0))
);


ALTER TABLE public.database_wildberriesstocks OWNER TO databaseadmin;

--
-- Name: database_wildberriesstocks_id_seq; Type: SEQUENCE; Schema: public; Owner: databaseadmin
--

ALTER TABLE public.database_wildberriesstocks ALTER COLUMN id ADD GENERATED BY DEFAULT AS IDENTITY (
    SEQUENCE NAME public.database_wildberriesstocks_id_seq
    START WITH 1
    INCREMENT BY 1
    NO MINVALUE
    NO MAXVALUE
    CACHE 1
);


--
-- Name: django_admin_log; Type: TABLE; Schema: public; Owner: databaseadmin
--

CREATE TABLE public.django_admin_log (
    id integer NOT NULL,
    action_time timestamp with time zone NOT NULL,
    object_id text,
    object_repr character varying(200) NOT NULL,
    action_flag smallint NOT NULL,
    change_message text NOT NULL,
    content_type_id integer,
    user_id integer NOT NULL,
    CONSTRAINT django_admin_log_action_flag_check CHECK ((action_flag >= 0))
);


ALTER TABLE public.django_admin_log OWNER TO databaseadmin;

--
-- Name: django_admin_log_id_seq; Type: SEQUENCE; Schema: public; Owner: databaseadmin
--

ALTER TABLE public.django_admin_log ALTER COLUMN id ADD GENERATED BY DEFAULT AS IDENTITY (
    SEQUENCE NAME public.django_admin_log_id_seq
    START WITH 1
    INCREMENT BY 1
    NO MINVALUE
    NO MAXVALUE
    CACHE 1
);


--
-- Name: django_celery_beat_clockedschedule; Type: TABLE; Schema: public; Owner: databaseadmin
--

CREATE TABLE public.django_celery_beat_clockedschedule (
    id integer NOT NULL,
    clocked_time timestamp with time zone NOT NULL
);


ALTER TABLE public.django_celery_beat_clockedschedule OWNER TO databaseadmin;

--
-- Name: django_celery_beat_clockedschedule_id_seq; Type: SEQUENCE; Schema: public; Owner: databaseadmin
--

ALTER TABLE public.django_celery_beat_clockedschedule ALTER COLUMN id ADD GENERATED BY DEFAULT AS IDENTITY (
    SEQUENCE NAME public.django_celery_beat_clockedschedule_id_seq
    START WITH 1
    INCREMENT BY 1
    NO MINVALUE
    NO MAXVALUE
    CACHE 1
);


--
-- Name: django_celery_beat_crontabschedule; Type: TABLE; Schema: public; Owner: databaseadmin
--

CREATE TABLE public.django_celery_beat_crontabschedule (
    id integer NOT NULL,
    minute character varying(240) NOT NULL,
    hour character varying(96) NOT NULL,
    day_of_week character varying(64) NOT NULL,
    day_of_month character varying(124) NOT NULL,
    month_of_year character varying(64) NOT NULL,
    timezone character varying(63) NOT NULL
);


ALTER TABLE public.django_celery_beat_crontabschedule OWNER TO databaseadmin;

--
-- Name: django_celery_beat_crontabschedule_id_seq; Type: SEQUENCE; Schema: public; Owner: databaseadmin
--

ALTER TABLE public.django_celery_beat_crontabschedule ALTER COLUMN id ADD GENERATED BY DEFAULT AS IDENTITY (
    SEQUENCE NAME public.django_celery_beat_crontabschedule_id_seq
    START WITH 1
    INCREMENT BY 1
    NO MINVALUE
    NO MAXVALUE
    CACHE 1
);


--
-- Name: django_celery_beat_intervalschedule; Type: TABLE; Schema: public; Owner: databaseadmin
--

CREATE TABLE public.django_celery_beat_intervalschedule (
    id integer NOT NULL,
    every integer NOT NULL,
    period character varying(24) NOT NULL
);


ALTER TABLE public.django_celery_beat_intervalschedule OWNER TO databaseadmin;

--
-- Name: django_celery_beat_intervalschedule_id_seq; Type: SEQUENCE; Schema: public; Owner: databaseadmin
--

ALTER TABLE public.django_celery_beat_intervalschedule ALTER COLUMN id ADD GENERATED BY DEFAULT AS IDENTITY (
    SEQUENCE NAME public.django_celery_beat_intervalschedule_id_seq
    START WITH 1
    INCREMENT BY 1
    NO MINVALUE
    NO MAXVALUE
    CACHE 1
);


--
-- Name: django_celery_beat_periodictask; Type: TABLE; Schema: public; Owner: databaseadmin
--

CREATE TABLE public.django_celery_beat_periodictask (
    id integer NOT NULL,
    name character varying(200) NOT NULL,
    task character varying(200) NOT NULL,
    args text NOT NULL,
    kwargs text NOT NULL,
    queue character varying(200),
    exchange character varying(200),
    routing_key character varying(200),
    expires timestamp with time zone,
    enabled boolean NOT NULL,
    last_run_at timestamp with time zone,
    total_run_count integer NOT NULL,
    date_changed timestamp with time zone NOT NULL,
    description text NOT NULL,
    crontab_id integer,
    interval_id integer,
    solar_id integer,
    one_off boolean NOT NULL,
    start_time timestamp with time zone,
    priority integer,
    headers text NOT NULL,
    clocked_id integer,
    expire_seconds integer,
    CONSTRAINT django_celery_beat_periodictask_expire_seconds_check CHECK ((expire_seconds >= 0)),
    CONSTRAINT django_celery_beat_periodictask_priority_check CHECK ((priority >= 0)),
    CONSTRAINT django_celery_beat_periodictask_total_run_count_check CHECK ((total_run_count >= 0))
);


ALTER TABLE public.django_celery_beat_periodictask OWNER TO databaseadmin;

--
-- Name: django_celery_beat_periodictask_id_seq; Type: SEQUENCE; Schema: public; Owner: databaseadmin
--

ALTER TABLE public.django_celery_beat_periodictask ALTER COLUMN id ADD GENERATED BY DEFAULT AS IDENTITY (
    SEQUENCE NAME public.django_celery_beat_periodictask_id_seq
    START WITH 1
    INCREMENT BY 1
    NO MINVALUE
    NO MAXVALUE
    CACHE 1
);


--
-- Name: django_celery_beat_periodictasks; Type: TABLE; Schema: public; Owner: databaseadmin
--

CREATE TABLE public.django_celery_beat_periodictasks (
    ident smallint NOT NULL,
    last_update timestamp with time zone NOT NULL
);


ALTER TABLE public.django_celery_beat_periodictasks OWNER TO databaseadmin;

--
-- Name: django_celery_beat_solarschedule; Type: TABLE; Schema: public; Owner: databaseadmin
--

CREATE TABLE public.django_celery_beat_solarschedule (
    id integer NOT NULL,
    event character varying(24) NOT NULL,
    latitude numeric(9,6) NOT NULL,
    longitude numeric(9,6) NOT NULL
);


ALTER TABLE public.django_celery_beat_solarschedule OWNER TO databaseadmin;

--
-- Name: django_celery_beat_solarschedule_id_seq; Type: SEQUENCE; Schema: public; Owner: databaseadmin
--

ALTER TABLE public.django_celery_beat_solarschedule ALTER COLUMN id ADD GENERATED BY DEFAULT AS IDENTITY (
    SEQUENCE NAME public.django_celery_beat_solarschedule_id_seq
    START WITH 1
    INCREMENT BY 1
    NO MINVALUE
    NO MAXVALUE
    CACHE 1
);


--
-- Name: django_content_type; Type: TABLE; Schema: public; Owner: databaseadmin
--

CREATE TABLE public.django_content_type (
    id integer NOT NULL,
    app_label character varying(100) NOT NULL,
    model character varying(100) NOT NULL
);


ALTER TABLE public.django_content_type OWNER TO databaseadmin;

--
-- Name: django_content_type_id_seq; Type: SEQUENCE; Schema: public; Owner: databaseadmin
--

ALTER TABLE public.django_content_type ALTER COLUMN id ADD GENERATED BY DEFAULT AS IDENTITY (
    SEQUENCE NAME public.django_content_type_id_seq
    START WITH 1
    INCREMENT BY 1
    NO MINVALUE
    NO MAXVALUE
    CACHE 1
);


--
-- Name: django_migrations; Type: TABLE; Schema: public; Owner: databaseadmin
--

CREATE TABLE public.django_migrations (
    id bigint NOT NULL,
    app character varying(255) NOT NULL,
    name character varying(255) NOT NULL,
    applied timestamp with time zone NOT NULL
);


ALTER TABLE public.django_migrations OWNER TO databaseadmin;

--
-- Name: django_migrations_id_seq; Type: SEQUENCE; Schema: public; Owner: databaseadmin
--

ALTER TABLE public.django_migrations ALTER COLUMN id ADD GENERATED BY DEFAULT AS IDENTITY (
    SEQUENCE NAME public.django_migrations_id_seq
    START WITH 1
    INCREMENT BY 1
    NO MINVALUE
    NO MAXVALUE
    CACHE 1
);


--
-- Name: django_session; Type: TABLE; Schema: public; Owner: databaseadmin
--

CREATE TABLE public.django_session (
    session_key character varying(40) NOT NULL,
    session_data text NOT NULL,
    expire_date timestamp with time zone NOT NULL
);


ALTER TABLE public.django_session OWNER TO databaseadmin;

--
-- Data for Name: auth_group; Type: TABLE DATA; Schema: public; Owner: databaseadmin
--

COPY public.auth_group (id, name) FROM stdin;
\.


--
-- Data for Name: auth_group_permissions; Type: TABLE DATA; Schema: public; Owner: databaseadmin
--

COPY public.auth_group_permissions (id, group_id, permission_id) FROM stdin;
\.


--
-- Data for Name: auth_permission; Type: TABLE DATA; Schema: public; Owner: databaseadmin
--

COPY public.auth_permission (id, name, content_type_id, codename) FROM stdin;
1	Can add log entry	1	add_logentry
2	Can change log entry	1	change_logentry
3	Can delete log entry	1	delete_logentry
4	Can view log entry	1	view_logentry
5	Can add permission	2	add_permission
6	Can change permission	2	change_permission
7	Can delete permission	2	delete_permission
8	Can view permission	2	view_permission
9	Can add group	3	add_group
10	Can change group	3	change_group
11	Can delete group	3	delete_group
12	Can view group	3	view_group
13	Can add user	4	add_user
14	Can change user	4	change_user
15	Can delete user	4	delete_user
16	Can view user	4	view_user
17	Can add content type	5	add_contenttype
18	Can change content type	5	change_contenttype
19	Can delete content type	5	delete_contenttype
20	Can view content type	5	view_contenttype
21	Can add session	6	add_session
22	Can change session	6	change_session
23	Can delete session	6	delete_session
24	Can view session	6	view_session
25	Can add crontab	7	add_crontabschedule
26	Can change crontab	7	change_crontabschedule
27	Can delete crontab	7	delete_crontabschedule
28	Can view crontab	7	view_crontabschedule
29	Can add interval	8	add_intervalschedule
30	Can change interval	8	change_intervalschedule
31	Can delete interval	8	delete_intervalschedule
32	Can view interval	8	view_intervalschedule
33	Can add periodic task	9	add_periodictask
34	Can change periodic task	9	change_periodictask
35	Can delete periodic task	9	delete_periodictask
36	Can view periodic task	9	view_periodictask
37	Can add periodic tasks	10	add_periodictasks
38	Can change periodic tasks	10	change_periodictasks
39	Can delete periodic tasks	10	delete_periodictasks
40	Can view periodic tasks	10	view_periodictasks
41	Can add solar event	11	add_solarschedule
42	Can change solar event	11	change_solarschedule
43	Can delete solar event	11	delete_solarschedule
44	Can view solar event	11	view_solarschedule
45	Can add clocked	12	add_clockedschedule
46	Can change clocked	12	change_clockedschedule
47	Can delete clocked	12	delete_clockedschedule
48	Can view clocked	12	view_clockedschedule
49	Can add add post file	13	add_addpostfile
50	Can change add post file	13	change_addpostfile
51	Can delete add post file	13	delete_addpostfile
52	Can view add post file	13	view_addpostfile
53	Can add Артикул	14	add_articles
54	Can change Артикул	14	change_articles
55	Can delete Артикул	14	delete_articles
56	Can view Артикул	14	view_articles
57	Can add Код маркетплейса	15	add_codingmarketplaces
58	Can change Код маркетплейса	15	change_codingmarketplaces
59	Can delete Код маркетплейса	15	delete_codingmarketplaces
60	Can view Код маркетплейса	15	view_codingmarketplaces
61	Can add Название склада WB	16	add_codingwbstock
62	Can change Название склада WB	16	change_codingwbstock
63	Can delete Название склада WB	16	delete_codingwbstock
64	Can view Название склада WB	16	view_codingwbstock
65	Can add Склад на стеллажах	17	add_shelvingstocks
66	Can change Склад на стеллажах	17	change_shelvingstocks
67	Can delete Склад на стеллажах	17	delete_shelvingstocks
68	Can view Склад на стеллажах	17	view_shelvingstocks
69	Can add Склады Wildberries	18	add_wildberriesstocks
70	Can change Склады Wildberries	18	change_wildberriesstocks
71	Can delete Склады Wildberries	18	delete_wildberriesstocks
72	Can view Склады Wildberries	18	view_wildberriesstocks
73	Can add Склад	19	add_stocks
74	Can change Склад	19	change_stocks
75	Can delete Склад	19	delete_stocks
76	Can view Склад	19	view_stocks
77	Can add Продажи	20	add_sales
78	Can change Продажи	20	change_sales
79	Can delete Продажи	20	delete_sales
80	Can view Продажи	20	view_sales
81	Can add Отзыв	21	add_reviews
82	Can change Отзыв	21	change_reviews
83	Can delete Отзыв	21	delete_reviews
84	Can view Отзыв	21	view_reviews
\.


--
-- Data for Name: auth_user; Type: TABLE DATA; Schema: public; Owner: databaseadmin
--

COPY public.auth_user (id, password, last_login, is_superuser, username, first_name, last_name, email, is_staff, is_active, date_joined) FROM stdin;
\.


--
-- Data for Name: auth_user_groups; Type: TABLE DATA; Schema: public; Owner: databaseadmin
--

COPY public.auth_user_groups (id, user_id, group_id) FROM stdin;
\.


--
-- Data for Name: auth_user_user_permissions; Type: TABLE DATA; Schema: public; Owner: databaseadmin
--

COPY public.auth_user_user_permissions (id, user_id, permission_id) FROM stdin;
\.


--
-- Data for Name: database_articles; Type: TABLE DATA; Schema: public; Owner: databaseadmin
--

COPY public.database_articles (id, seller_article, title, nomenclature, article_wb, article_ozon, article_yandex, article_sber, barcode_wb, barcode_ozon, barcode_yandex, barcode_sber, multiplicity) FROM stdin;
\.


--
-- Data for Name: database_codingmarketplaces; Type: TABLE DATA; Schema: public; Owner: databaseadmin
--

COPY public.database_codingmarketplaces (id, marketpalce) FROM stdin;
1	Wildberries
2	Ozon
3	Yandex Market
4	Sber
\.


--
-- Data for Name: database_codingwbstock; Type: TABLE DATA; Schema: public; Owner: databaseadmin
--

COPY public.database_codingwbstock (id, wb_stock) FROM stdin;
1	Товары в пути до клиента
2	Товары в пути от клиента
3	Итого по складам
4	Подольск
5	Подольск 3
6	Коледино
7	Казань
8	Электросталь
9	Краснодар
10	Екатеринбург
11	Санкт-Петербург
12	Новосибирск
13	Хабаровск
14	Тула
15	Астана
16	Чехов
17	Белая Дача
18	Невинномысск
19	Домодедово
20	Вёшки
21	Минск
22	Пушкино
23	Внуково КБТ
24	Обухово
25	Остальные
\.


--
-- Data for Name: database_reviews; Type: TABLE DATA; Schema: public; Owner: databaseadmin
--

COPY public.database_reviews (id, pub_date, article_marketplace, text, code_marketplace_id) FROM stdin;
\.


--
-- Data for Name: database_sales; Type: TABLE DATA; Schema: public; Owner: databaseadmin
--

COPY public.database_sales (id, pub_date, article_marketplace, amount, avg_price_sale, sum_sale, sum_pay, code_marketplace_id) FROM stdin;
\.


--
-- Data for Name: database_shelvingstocks; Type: TABLE DATA; Schema: public; Owner: databaseadmin
--

COPY public.database_shelvingstocks (id, pub_date, seller_article_wb, seller_article, shelf_number, amount) FROM stdin;
\.


--
-- Data for Name: database_stocks; Type: TABLE DATA; Schema: public; Owner: databaseadmin
--

COPY public.database_stocks (id, pub_date, seller_article, article_marketplace, amount, code_marketplace_id) FROM stdin;
\.


--
-- Data for Name: database_wildberriesstocks; Type: TABLE DATA; Schema: public; Owner: databaseadmin
--

COPY public.database_wildberriesstocks (id, pub_date, seller_article_wb, article_wb, amount, code_stock_id) FROM stdin;
\.


--
-- Data for Name: django_admin_log; Type: TABLE DATA; Schema: public; Owner: databaseadmin
--

COPY public.django_admin_log (id, action_time, object_id, object_repr, action_flag, change_message, content_type_id, user_id) FROM stdin;
\.


--
-- Data for Name: django_celery_beat_clockedschedule; Type: TABLE DATA; Schema: public; Owner: databaseadmin
--

COPY public.django_celery_beat_clockedschedule (id, clocked_time) FROM stdin;
\.


--
-- Data for Name: django_celery_beat_crontabschedule; Type: TABLE DATA; Schema: public; Owner: databaseadmin
--

COPY public.django_celery_beat_crontabschedule (id, minute, hour, day_of_week, day_of_month, month_of_year, timezone) FROM stdin;
\.


--
-- Data for Name: django_celery_beat_intervalschedule; Type: TABLE DATA; Schema: public; Owner: databaseadmin
--

COPY public.django_celery_beat_intervalschedule (id, every, period) FROM stdin;
\.


--
-- Data for Name: django_celery_beat_periodictask; Type: TABLE DATA; Schema: public; Owner: databaseadmin
--

COPY public.django_celery_beat_periodictask (id, name, task, args, kwargs, queue, exchange, routing_key, expires, enabled, last_run_at, total_run_count, date_changed, description, crontab_id, interval_id, solar_id, one_off, start_time, priority, headers, clocked_id, expire_seconds) FROM stdin;
\.


--
-- Data for Name: django_celery_beat_periodictasks; Type: TABLE DATA; Schema: public; Owner: databaseadmin
--

COPY public.django_celery_beat_periodictasks (ident, last_update) FROM stdin;
\.


--
-- Data for Name: django_celery_beat_solarschedule; Type: TABLE DATA; Schema: public; Owner: databaseadmin
--

COPY public.django_celery_beat_solarschedule (id, event, latitude, longitude) FROM stdin;
\.


--
-- Data for Name: django_content_type; Type: TABLE DATA; Schema: public; Owner: databaseadmin
--

COPY public.django_content_type (id, app_label, model) FROM stdin;
1	admin	logentry
2	auth	permission
3	auth	group
4	auth	user
5	contenttypes	contenttype
6	sessions	session
7	django_celery_beat	crontabschedule
8	django_celery_beat	intervalschedule
9	django_celery_beat	periodictask
10	django_celery_beat	periodictasks
11	django_celery_beat	solarschedule
12	django_celery_beat	clockedschedule
13	main	addpostfile
14	database	articles
15	database	codingmarketplaces
16	database	codingwbstock
17	database	shelvingstocks
18	database	wildberriesstocks
19	database	stocks
20	database	sales
21	database	reviews
\.


--
-- Data for Name: django_migrations; Type: TABLE DATA; Schema: public; Owner: databaseadmin
--

COPY public.django_migrations (id, app, name, applied) FROM stdin;
1	contenttypes	0001_initial	2023-07-17 18:42:00.767423+00
2	auth	0001_initial	2023-07-17 18:42:01.270645+00
3	admin	0001_initial	2023-07-17 18:42:01.37027+00
4	admin	0002_logentry_remove_auto_add	2023-07-17 18:42:01.384428+00
5	admin	0003_logentry_add_action_flag_choices	2023-07-17 18:42:01.395478+00
6	contenttypes	0002_remove_content_type_name	2023-07-17 18:42:01.414528+00
7	auth	0002_alter_permission_name_max_length	2023-07-17 18:42:01.437608+00
8	auth	0003_alter_user_email_max_length	2023-07-17 18:42:01.45503+00
9	auth	0004_alter_user_username_opts	2023-07-17 18:42:01.466996+00
10	auth	0005_alter_user_last_login_null	2023-07-17 18:42:01.479059+00
11	auth	0006_require_contenttypes_0002	2023-07-17 18:42:01.488543+00
12	auth	0007_alter_validators_add_error_messages	2023-07-17 18:42:01.505032+00
13	auth	0008_alter_user_username_max_length	2023-07-17 18:42:01.537846+00
14	auth	0009_alter_user_last_name_max_length	2023-07-17 18:42:01.551075+00
15	auth	0010_alter_group_name_max_length	2023-07-17 18:42:01.562613+00
16	auth	0011_update_proxy_permissions	2023-07-17 18:42:01.57728+00
17	auth	0012_alter_user_first_name_max_length	2023-07-17 18:42:01.596169+00
18	database	0001_initial	2023-07-17 18:42:01.912923+00
19	django_celery_beat	0001_initial	2023-07-17 18:42:02.12626+00
20	django_celery_beat	0002_auto_20161118_0346	2023-07-17 18:42:02.173901+00
21	django_celery_beat	0003_auto_20161209_0049	2023-07-17 18:42:02.221705+00
22	django_celery_beat	0004_auto_20170221_0000	2023-07-17 18:42:02.227494+00
23	django_celery_beat	0005_add_solarschedule_events_choices	2023-07-17 18:42:02.233589+00
24	django_celery_beat	0006_auto_20180322_0932	2023-07-17 18:42:02.321622+00
25	django_celery_beat	0007_auto_20180521_0826	2023-07-17 18:42:02.345914+00
26	django_celery_beat	0008_auto_20180914_1922	2023-07-17 18:42:02.368893+00
27	django_celery_beat	0006_auto_20180210_1226	2023-07-17 18:42:02.380735+00
28	django_celery_beat	0006_periodictask_priority	2023-07-17 18:42:02.389819+00
29	django_celery_beat	0009_periodictask_headers	2023-07-17 18:42:02.39637+00
30	django_celery_beat	0010_auto_20190429_0326	2023-07-17 18:42:02.483024+00
31	django_celery_beat	0011_auto_20190508_0153	2023-07-17 18:42:02.521679+00
32	django_celery_beat	0012_periodictask_expire_seconds	2023-07-17 18:42:02.531253+00
33	django_celery_beat	0013_auto_20200609_0727	2023-07-17 18:42:02.542059+00
34	django_celery_beat	0014_remove_clockedschedule_enabled	2023-07-17 18:42:02.550883+00
35	django_celery_beat	0015_edit_solarschedule_events_choices	2023-07-17 18:42:02.557321+00
36	django_celery_beat	0016_alter_crontabschedule_timezone	2023-07-17 18:42:02.564151+00
37	django_celery_beat	0017_alter_crontabschedule_month_of_year	2023-07-17 18:42:02.574677+00
38	django_celery_beat	0018_improve_crontab_helptext	2023-07-17 18:42:02.582189+00
39	sessions	0001_initial	2023-07-17 18:42:02.640249+00
\.


--
-- Data for Name: django_session; Type: TABLE DATA; Schema: public; Owner: databaseadmin
--

COPY public.django_session (session_key, session_data, expire_date) FROM stdin;
\.


--
-- Name: auth_group_id_seq; Type: SEQUENCE SET; Schema: public; Owner: databaseadmin
--

SELECT pg_catalog.setval('public.auth_group_id_seq', 1, false);


--
-- Name: auth_group_permissions_id_seq; Type: SEQUENCE SET; Schema: public; Owner: databaseadmin
--

SELECT pg_catalog.setval('public.auth_group_permissions_id_seq', 1, false);


--
-- Name: auth_permission_id_seq; Type: SEQUENCE SET; Schema: public; Owner: databaseadmin
--

SELECT pg_catalog.setval('public.auth_permission_id_seq', 84, true);


--
-- Name: auth_user_groups_id_seq; Type: SEQUENCE SET; Schema: public; Owner: databaseadmin
--

SELECT pg_catalog.setval('public.auth_user_groups_id_seq', 1, false);


--
-- Name: auth_user_id_seq; Type: SEQUENCE SET; Schema: public; Owner: databaseadmin
--

SELECT pg_catalog.setval('public.auth_user_id_seq', 1, false);


--
-- Name: auth_user_user_permissions_id_seq; Type: SEQUENCE SET; Schema: public; Owner: databaseadmin
--

SELECT pg_catalog.setval('public.auth_user_user_permissions_id_seq', 1, false);


--
-- Name: database_articles_id_seq; Type: SEQUENCE SET; Schema: public; Owner: databaseadmin
--

SELECT pg_catalog.setval('public.database_articles_id_seq', 1, false);


--
-- Name: database_codingmarketplaces_id_seq; Type: SEQUENCE SET; Schema: public; Owner: databaseadmin
--

SELECT pg_catalog.setval('public.database_codingmarketplaces_id_seq', 1, false);


--
-- Name: database_codingwbstock_id_seq; Type: SEQUENCE SET; Schema: public; Owner: databaseadmin
--

SELECT pg_catalog.setval('public.database_codingwbstock_id_seq', 1, false);


--
-- Name: database_reviews_id_seq; Type: SEQUENCE SET; Schema: public; Owner: databaseadmin
--

SELECT pg_catalog.setval('public.database_reviews_id_seq', 1, false);


--
-- Name: database_sales_id_seq; Type: SEQUENCE SET; Schema: public; Owner: databaseadmin
--

SELECT pg_catalog.setval('public.database_sales_id_seq', 1, false);


--
-- Name: database_shelvingstocks_id_seq; Type: SEQUENCE SET; Schema: public; Owner: databaseadmin
--

SELECT pg_catalog.setval('public.database_shelvingstocks_id_seq', 1, false);


--
-- Name: database_stocks_id_seq; Type: SEQUENCE SET; Schema: public; Owner: databaseadmin
--

SELECT pg_catalog.setval('public.database_stocks_id_seq', 1, false);


--
-- Name: database_wildberriesstocks_id_seq; Type: SEQUENCE SET; Schema: public; Owner: databaseadmin
--

SELECT pg_catalog.setval('public.database_wildberriesstocks_id_seq', 1, false);


--
-- Name: django_admin_log_id_seq; Type: SEQUENCE SET; Schema: public; Owner: databaseadmin
--

SELECT pg_catalog.setval('public.django_admin_log_id_seq', 1, false);


--
-- Name: django_celery_beat_clockedschedule_id_seq; Type: SEQUENCE SET; Schema: public; Owner: databaseadmin
--

SELECT pg_catalog.setval('public.django_celery_beat_clockedschedule_id_seq', 1, false);


--
-- Name: django_celery_beat_crontabschedule_id_seq; Type: SEQUENCE SET; Schema: public; Owner: databaseadmin
--

SELECT pg_catalog.setval('public.django_celery_beat_crontabschedule_id_seq', 1, false);


--
-- Name: django_celery_beat_intervalschedule_id_seq; Type: SEQUENCE SET; Schema: public; Owner: databaseadmin
--

SELECT pg_catalog.setval('public.django_celery_beat_intervalschedule_id_seq', 1, false);


--
-- Name: django_celery_beat_periodictask_id_seq; Type: SEQUENCE SET; Schema: public; Owner: databaseadmin
--

SELECT pg_catalog.setval('public.django_celery_beat_periodictask_id_seq', 1, false);


--
-- Name: django_celery_beat_solarschedule_id_seq; Type: SEQUENCE SET; Schema: public; Owner: databaseadmin
--

SELECT pg_catalog.setval('public.django_celery_beat_solarschedule_id_seq', 1, false);


--
-- Name: django_content_type_id_seq; Type: SEQUENCE SET; Schema: public; Owner: databaseadmin
--

SELECT pg_catalog.setval('public.django_content_type_id_seq', 21, true);


--
-- Name: django_migrations_id_seq; Type: SEQUENCE SET; Schema: public; Owner: databaseadmin
--

SELECT pg_catalog.setval('public.django_migrations_id_seq', 39, true);


--
-- Name: auth_group auth_group_name_key; Type: CONSTRAINT; Schema: public; Owner: databaseadmin
--

ALTER TABLE ONLY public.auth_group
    ADD CONSTRAINT auth_group_name_key UNIQUE (name);


--
-- Name: auth_group_permissions auth_group_permissions_group_id_permission_id_0cd325b0_uniq; Type: CONSTRAINT; Schema: public; Owner: databaseadmin
--

ALTER TABLE ONLY public.auth_group_permissions
    ADD CONSTRAINT auth_group_permissions_group_id_permission_id_0cd325b0_uniq UNIQUE (group_id, permission_id);


--
-- Name: auth_group_permissions auth_group_permissions_pkey; Type: CONSTRAINT; Schema: public; Owner: databaseadmin
--

ALTER TABLE ONLY public.auth_group_permissions
    ADD CONSTRAINT auth_group_permissions_pkey PRIMARY KEY (id);


--
-- Name: auth_group auth_group_pkey; Type: CONSTRAINT; Schema: public; Owner: databaseadmin
--

ALTER TABLE ONLY public.auth_group
    ADD CONSTRAINT auth_group_pkey PRIMARY KEY (id);


--
-- Name: auth_permission auth_permission_content_type_id_codename_01ab375a_uniq; Type: CONSTRAINT; Schema: public; Owner: databaseadmin
--

ALTER TABLE ONLY public.auth_permission
    ADD CONSTRAINT auth_permission_content_type_id_codename_01ab375a_uniq UNIQUE (content_type_id, codename);


--
-- Name: auth_permission auth_permission_pkey; Type: CONSTRAINT; Schema: public; Owner: databaseadmin
--

ALTER TABLE ONLY public.auth_permission
    ADD CONSTRAINT auth_permission_pkey PRIMARY KEY (id);


--
-- Name: auth_user_groups auth_user_groups_pkey; Type: CONSTRAINT; Schema: public; Owner: databaseadmin
--

ALTER TABLE ONLY public.auth_user_groups
    ADD CONSTRAINT auth_user_groups_pkey PRIMARY KEY (id);


--
-- Name: auth_user_groups auth_user_groups_user_id_group_id_94350c0c_uniq; Type: CONSTRAINT; Schema: public; Owner: databaseadmin
--

ALTER TABLE ONLY public.auth_user_groups
    ADD CONSTRAINT auth_user_groups_user_id_group_id_94350c0c_uniq UNIQUE (user_id, group_id);


--
-- Name: auth_user auth_user_pkey; Type: CONSTRAINT; Schema: public; Owner: databaseadmin
--

ALTER TABLE ONLY public.auth_user
    ADD CONSTRAINT auth_user_pkey PRIMARY KEY (id);


--
-- Name: auth_user_user_permissions auth_user_user_permissions_pkey; Type: CONSTRAINT; Schema: public; Owner: databaseadmin
--

ALTER TABLE ONLY public.auth_user_user_permissions
    ADD CONSTRAINT auth_user_user_permissions_pkey PRIMARY KEY (id);


--
-- Name: auth_user_user_permissions auth_user_user_permissions_user_id_permission_id_14a6b632_uniq; Type: CONSTRAINT; Schema: public; Owner: databaseadmin
--

ALTER TABLE ONLY public.auth_user_user_permissions
    ADD CONSTRAINT auth_user_user_permissions_user_id_permission_id_14a6b632_uniq UNIQUE (user_id, permission_id);


--
-- Name: auth_user auth_user_username_key; Type: CONSTRAINT; Schema: public; Owner: databaseadmin
--

ALTER TABLE ONLY public.auth_user
    ADD CONSTRAINT auth_user_username_key UNIQUE (username);


--
-- Name: database_articles database_articles_pkey; Type: CONSTRAINT; Schema: public; Owner: databaseadmin
--

ALTER TABLE ONLY public.database_articles
    ADD CONSTRAINT database_articles_pkey PRIMARY KEY (id);


--
-- Name: database_codingmarketplaces database_codingmarketplaces_pkey; Type: CONSTRAINT; Schema: public; Owner: databaseadmin
--

ALTER TABLE ONLY public.database_codingmarketplaces
    ADD CONSTRAINT database_codingmarketplaces_pkey PRIMARY KEY (id);


--
-- Name: database_codingwbstock database_codingwbstock_pkey; Type: CONSTRAINT; Schema: public; Owner: databaseadmin
--

ALTER TABLE ONLY public.database_codingwbstock
    ADD CONSTRAINT database_codingwbstock_pkey PRIMARY KEY (id);


--
-- Name: database_reviews database_reviews_pkey; Type: CONSTRAINT; Schema: public; Owner: databaseadmin
--

ALTER TABLE ONLY public.database_reviews
    ADD CONSTRAINT database_reviews_pkey PRIMARY KEY (id);


--
-- Name: database_sales database_sales_pkey; Type: CONSTRAINT; Schema: public; Owner: databaseadmin
--

ALTER TABLE ONLY public.database_sales
    ADD CONSTRAINT database_sales_pkey PRIMARY KEY (id);


--
-- Name: database_shelvingstocks database_shelvingstocks_pkey; Type: CONSTRAINT; Schema: public; Owner: databaseadmin
--

ALTER TABLE ONLY public.database_shelvingstocks
    ADD CONSTRAINT database_shelvingstocks_pkey PRIMARY KEY (id);


--
-- Name: database_stocks database_stocks_pkey; Type: CONSTRAINT; Schema: public; Owner: databaseadmin
--

ALTER TABLE ONLY public.database_stocks
    ADD CONSTRAINT database_stocks_pkey PRIMARY KEY (id);


--
-- Name: database_wildberriesstocks database_wildberriesstocks_pkey; Type: CONSTRAINT; Schema: public; Owner: databaseadmin
--

ALTER TABLE ONLY public.database_wildberriesstocks
    ADD CONSTRAINT database_wildberriesstocks_pkey PRIMARY KEY (id);


--
-- Name: django_admin_log django_admin_log_pkey; Type: CONSTRAINT; Schema: public; Owner: databaseadmin
--

ALTER TABLE ONLY public.django_admin_log
    ADD CONSTRAINT django_admin_log_pkey PRIMARY KEY (id);


--
-- Name: django_celery_beat_clockedschedule django_celery_beat_clockedschedule_pkey; Type: CONSTRAINT; Schema: public; Owner: databaseadmin
--

ALTER TABLE ONLY public.django_celery_beat_clockedschedule
    ADD CONSTRAINT django_celery_beat_clockedschedule_pkey PRIMARY KEY (id);


--
-- Name: django_celery_beat_crontabschedule django_celery_beat_crontabschedule_pkey; Type: CONSTRAINT; Schema: public; Owner: databaseadmin
--

ALTER TABLE ONLY public.django_celery_beat_crontabschedule
    ADD CONSTRAINT django_celery_beat_crontabschedule_pkey PRIMARY KEY (id);


--
-- Name: django_celery_beat_intervalschedule django_celery_beat_intervalschedule_pkey; Type: CONSTRAINT; Schema: public; Owner: databaseadmin
--

ALTER TABLE ONLY public.django_celery_beat_intervalschedule
    ADD CONSTRAINT django_celery_beat_intervalschedule_pkey PRIMARY KEY (id);


--
-- Name: django_celery_beat_periodictask django_celery_beat_periodictask_name_key; Type: CONSTRAINT; Schema: public; Owner: databaseadmin
--

ALTER TABLE ONLY public.django_celery_beat_periodictask
    ADD CONSTRAINT django_celery_beat_periodictask_name_key UNIQUE (name);


--
-- Name: django_celery_beat_periodictask django_celery_beat_periodictask_pkey; Type: CONSTRAINT; Schema: public; Owner: databaseadmin
--

ALTER TABLE ONLY public.django_celery_beat_periodictask
    ADD CONSTRAINT django_celery_beat_periodictask_pkey PRIMARY KEY (id);


--
-- Name: django_celery_beat_periodictasks django_celery_beat_periodictasks_pkey; Type: CONSTRAINT; Schema: public; Owner: databaseadmin
--

ALTER TABLE ONLY public.django_celery_beat_periodictasks
    ADD CONSTRAINT django_celery_beat_periodictasks_pkey PRIMARY KEY (ident);


--
-- Name: django_celery_beat_solarschedule django_celery_beat_solar_event_latitude_longitude_ba64999a_uniq; Type: CONSTRAINT; Schema: public; Owner: databaseadmin
--

ALTER TABLE ONLY public.django_celery_beat_solarschedule
    ADD CONSTRAINT django_celery_beat_solar_event_latitude_longitude_ba64999a_uniq UNIQUE (event, latitude, longitude);


--
-- Name: django_celery_beat_solarschedule django_celery_beat_solarschedule_pkey; Type: CONSTRAINT; Schema: public; Owner: databaseadmin
--

ALTER TABLE ONLY public.django_celery_beat_solarschedule
    ADD CONSTRAINT django_celery_beat_solarschedule_pkey PRIMARY KEY (id);


--
-- Name: django_content_type django_content_type_app_label_model_76bd3d3b_uniq; Type: CONSTRAINT; Schema: public; Owner: databaseadmin
--

ALTER TABLE ONLY public.django_content_type
    ADD CONSTRAINT django_content_type_app_label_model_76bd3d3b_uniq UNIQUE (app_label, model);


--
-- Name: django_content_type django_content_type_pkey; Type: CONSTRAINT; Schema: public; Owner: databaseadmin
--

ALTER TABLE ONLY public.django_content_type
    ADD CONSTRAINT django_content_type_pkey PRIMARY KEY (id);


--
-- Name: django_migrations django_migrations_pkey; Type: CONSTRAINT; Schema: public; Owner: databaseadmin
--

ALTER TABLE ONLY public.django_migrations
    ADD CONSTRAINT django_migrations_pkey PRIMARY KEY (id);


--
-- Name: django_session django_session_pkey; Type: CONSTRAINT; Schema: public; Owner: databaseadmin
--

ALTER TABLE ONLY public.django_session
    ADD CONSTRAINT django_session_pkey PRIMARY KEY (session_key);


--
-- Name: auth_group_name_a6ea08ec_like; Type: INDEX; Schema: public; Owner: databaseadmin
--

CREATE INDEX auth_group_name_a6ea08ec_like ON public.auth_group USING btree (name varchar_pattern_ops);


--
-- Name: auth_group_permissions_group_id_b120cbf9; Type: INDEX; Schema: public; Owner: databaseadmin
--

CREATE INDEX auth_group_permissions_group_id_b120cbf9 ON public.auth_group_permissions USING btree (group_id);


--
-- Name: auth_group_permissions_permission_id_84c5c92e; Type: INDEX; Schema: public; Owner: databaseadmin
--

CREATE INDEX auth_group_permissions_permission_id_84c5c92e ON public.auth_group_permissions USING btree (permission_id);


--
-- Name: auth_permission_content_type_id_2f476e4b; Type: INDEX; Schema: public; Owner: databaseadmin
--

CREATE INDEX auth_permission_content_type_id_2f476e4b ON public.auth_permission USING btree (content_type_id);


--
-- Name: auth_user_groups_group_id_97559544; Type: INDEX; Schema: public; Owner: databaseadmin
--

CREATE INDEX auth_user_groups_group_id_97559544 ON public.auth_user_groups USING btree (group_id);


--
-- Name: auth_user_groups_user_id_6a12ed8b; Type: INDEX; Schema: public; Owner: databaseadmin
--

CREATE INDEX auth_user_groups_user_id_6a12ed8b ON public.auth_user_groups USING btree (user_id);


--
-- Name: auth_user_user_permissions_permission_id_1fbb5f2c; Type: INDEX; Schema: public; Owner: databaseadmin
--

CREATE INDEX auth_user_user_permissions_permission_id_1fbb5f2c ON public.auth_user_user_permissions USING btree (permission_id);


--
-- Name: auth_user_user_permissions_user_id_a95ead1b; Type: INDEX; Schema: public; Owner: databaseadmin
--

CREATE INDEX auth_user_user_permissions_user_id_a95ead1b ON public.auth_user_user_permissions USING btree (user_id);


--
-- Name: auth_user_username_6821ab7c_like; Type: INDEX; Schema: public; Owner: databaseadmin
--

CREATE INDEX auth_user_username_6821ab7c_like ON public.auth_user USING btree (username varchar_pattern_ops);


--
-- Name: database_reviews_code_marketplace_id_4140d88c; Type: INDEX; Schema: public; Owner: databaseadmin
--

CREATE INDEX database_reviews_code_marketplace_id_4140d88c ON public.database_reviews USING btree (code_marketplace_id);


--
-- Name: database_sales_code_marketplace_id_acfd724c; Type: INDEX; Schema: public; Owner: databaseadmin
--

CREATE INDEX database_sales_code_marketplace_id_acfd724c ON public.database_sales USING btree (code_marketplace_id);


--
-- Name: database_stocks_code_marketplace_id_802a1131; Type: INDEX; Schema: public; Owner: databaseadmin
--

CREATE INDEX database_stocks_code_marketplace_id_802a1131 ON public.database_stocks USING btree (code_marketplace_id);


--
-- Name: database_wildberriesstocks_code_stock_id_09b98fcc; Type: INDEX; Schema: public; Owner: databaseadmin
--

CREATE INDEX database_wildberriesstocks_code_stock_id_09b98fcc ON public.database_wildberriesstocks USING btree (code_stock_id);


--
-- Name: django_admin_log_content_type_id_c4bce8eb; Type: INDEX; Schema: public; Owner: databaseadmin
--

CREATE INDEX django_admin_log_content_type_id_c4bce8eb ON public.django_admin_log USING btree (content_type_id);


--
-- Name: django_admin_log_user_id_c564eba6; Type: INDEX; Schema: public; Owner: databaseadmin
--

CREATE INDEX django_admin_log_user_id_c564eba6 ON public.django_admin_log USING btree (user_id);


--
-- Name: django_celery_beat_periodictask_clocked_id_47a69f82; Type: INDEX; Schema: public; Owner: databaseadmin
--

CREATE INDEX django_celery_beat_periodictask_clocked_id_47a69f82 ON public.django_celery_beat_periodictask USING btree (clocked_id);


--
-- Name: django_celery_beat_periodictask_crontab_id_d3cba168; Type: INDEX; Schema: public; Owner: databaseadmin
--

CREATE INDEX django_celery_beat_periodictask_crontab_id_d3cba168 ON public.django_celery_beat_periodictask USING btree (crontab_id);


--
-- Name: django_celery_beat_periodictask_interval_id_a8ca27da; Type: INDEX; Schema: public; Owner: databaseadmin
--

CREATE INDEX django_celery_beat_periodictask_interval_id_a8ca27da ON public.django_celery_beat_periodictask USING btree (interval_id);


--
-- Name: django_celery_beat_periodictask_name_265a36b7_like; Type: INDEX; Schema: public; Owner: databaseadmin
--

CREATE INDEX django_celery_beat_periodictask_name_265a36b7_like ON public.django_celery_beat_periodictask USING btree (name varchar_pattern_ops);


--
-- Name: django_celery_beat_periodictask_solar_id_a87ce72c; Type: INDEX; Schema: public; Owner: databaseadmin
--

CREATE INDEX django_celery_beat_periodictask_solar_id_a87ce72c ON public.django_celery_beat_periodictask USING btree (solar_id);


--
-- Name: django_session_expire_date_a5c62663; Type: INDEX; Schema: public; Owner: databaseadmin
--

CREATE INDEX django_session_expire_date_a5c62663 ON public.django_session USING btree (expire_date);


--
-- Name: django_session_session_key_c0390e0f_like; Type: INDEX; Schema: public; Owner: databaseadmin
--

CREATE INDEX django_session_session_key_c0390e0f_like ON public.django_session USING btree (session_key varchar_pattern_ops);


--
-- Name: auth_group_permissions auth_group_permissio_permission_id_84c5c92e_fk_auth_perm; Type: FK CONSTRAINT; Schema: public; Owner: databaseadmin
--

ALTER TABLE ONLY public.auth_group_permissions
    ADD CONSTRAINT auth_group_permissio_permission_id_84c5c92e_fk_auth_perm FOREIGN KEY (permission_id) REFERENCES public.auth_permission(id) DEFERRABLE INITIALLY DEFERRED;


--
-- Name: auth_group_permissions auth_group_permissions_group_id_b120cbf9_fk_auth_group_id; Type: FK CONSTRAINT; Schema: public; Owner: databaseadmin
--

ALTER TABLE ONLY public.auth_group_permissions
    ADD CONSTRAINT auth_group_permissions_group_id_b120cbf9_fk_auth_group_id FOREIGN KEY (group_id) REFERENCES public.auth_group(id) DEFERRABLE INITIALLY DEFERRED;


--
-- Name: auth_permission auth_permission_content_type_id_2f476e4b_fk_django_co; Type: FK CONSTRAINT; Schema: public; Owner: databaseadmin
--

ALTER TABLE ONLY public.auth_permission
    ADD CONSTRAINT auth_permission_content_type_id_2f476e4b_fk_django_co FOREIGN KEY (content_type_id) REFERENCES public.django_content_type(id) DEFERRABLE INITIALLY DEFERRED;


--
-- Name: auth_user_groups auth_user_groups_group_id_97559544_fk_auth_group_id; Type: FK CONSTRAINT; Schema: public; Owner: databaseadmin
--

ALTER TABLE ONLY public.auth_user_groups
    ADD CONSTRAINT auth_user_groups_group_id_97559544_fk_auth_group_id FOREIGN KEY (group_id) REFERENCES public.auth_group(id) DEFERRABLE INITIALLY DEFERRED;


--
-- Name: auth_user_groups auth_user_groups_user_id_6a12ed8b_fk_auth_user_id; Type: FK CONSTRAINT; Schema: public; Owner: databaseadmin
--

ALTER TABLE ONLY public.auth_user_groups
    ADD CONSTRAINT auth_user_groups_user_id_6a12ed8b_fk_auth_user_id FOREIGN KEY (user_id) REFERENCES public.auth_user(id) DEFERRABLE INITIALLY DEFERRED;


--
-- Name: auth_user_user_permissions auth_user_user_permi_permission_id_1fbb5f2c_fk_auth_perm; Type: FK CONSTRAINT; Schema: public; Owner: databaseadmin
--

ALTER TABLE ONLY public.auth_user_user_permissions
    ADD CONSTRAINT auth_user_user_permi_permission_id_1fbb5f2c_fk_auth_perm FOREIGN KEY (permission_id) REFERENCES public.auth_permission(id) DEFERRABLE INITIALLY DEFERRED;


--
-- Name: auth_user_user_permissions auth_user_user_permissions_user_id_a95ead1b_fk_auth_user_id; Type: FK CONSTRAINT; Schema: public; Owner: databaseadmin
--

ALTER TABLE ONLY public.auth_user_user_permissions
    ADD CONSTRAINT auth_user_user_permissions_user_id_a95ead1b_fk_auth_user_id FOREIGN KEY (user_id) REFERENCES public.auth_user(id) DEFERRABLE INITIALLY DEFERRED;


--
-- Name: database_reviews database_reviews_code_marketplace_id_4140d88c_fk_database_; Type: FK CONSTRAINT; Schema: public; Owner: databaseadmin
--

ALTER TABLE ONLY public.database_reviews
    ADD CONSTRAINT database_reviews_code_marketplace_id_4140d88c_fk_database_ FOREIGN KEY (code_marketplace_id) REFERENCES public.database_codingmarketplaces(id) DEFERRABLE INITIALLY DEFERRED;


--
-- Name: database_sales database_sales_code_marketplace_id_acfd724c_fk_database_; Type: FK CONSTRAINT; Schema: public; Owner: databaseadmin
--

ALTER TABLE ONLY public.database_sales
    ADD CONSTRAINT database_sales_code_marketplace_id_acfd724c_fk_database_ FOREIGN KEY (code_marketplace_id) REFERENCES public.database_codingmarketplaces(id) DEFERRABLE INITIALLY DEFERRED;


--
-- Name: database_stocks database_stocks_code_marketplace_id_802a1131_fk_database_; Type: FK CONSTRAINT; Schema: public; Owner: databaseadmin
--

ALTER TABLE ONLY public.database_stocks
    ADD CONSTRAINT database_stocks_code_marketplace_id_802a1131_fk_database_ FOREIGN KEY (code_marketplace_id) REFERENCES public.database_codingmarketplaces(id) DEFERRABLE INITIALLY DEFERRED;


--
-- Name: database_wildberriesstocks database_wildberries_code_stock_id_09b98fcc_fk_database_; Type: FK CONSTRAINT; Schema: public; Owner: databaseadmin
--

ALTER TABLE ONLY public.database_wildberriesstocks
    ADD CONSTRAINT database_wildberries_code_stock_id_09b98fcc_fk_database_ FOREIGN KEY (code_stock_id) REFERENCES public.database_codingwbstock(id) DEFERRABLE INITIALLY DEFERRED;


--
-- Name: django_admin_log django_admin_log_content_type_id_c4bce8eb_fk_django_co; Type: FK CONSTRAINT; Schema: public; Owner: databaseadmin
--

ALTER TABLE ONLY public.django_admin_log
    ADD CONSTRAINT django_admin_log_content_type_id_c4bce8eb_fk_django_co FOREIGN KEY (content_type_id) REFERENCES public.django_content_type(id) DEFERRABLE INITIALLY DEFERRED;


--
-- Name: django_admin_log django_admin_log_user_id_c564eba6_fk_auth_user_id; Type: FK CONSTRAINT; Schema: public; Owner: databaseadmin
--

ALTER TABLE ONLY public.django_admin_log
    ADD CONSTRAINT django_admin_log_user_id_c564eba6_fk_auth_user_id FOREIGN KEY (user_id) REFERENCES public.auth_user(id) DEFERRABLE INITIALLY DEFERRED;


--
-- Name: django_celery_beat_periodictask django_celery_beat_p_clocked_id_47a69f82_fk_django_ce; Type: FK CONSTRAINT; Schema: public; Owner: databaseadmin
--

ALTER TABLE ONLY public.django_celery_beat_periodictask
    ADD CONSTRAINT django_celery_beat_p_clocked_id_47a69f82_fk_django_ce FOREIGN KEY (clocked_id) REFERENCES public.django_celery_beat_clockedschedule(id) DEFERRABLE INITIALLY DEFERRED;


--
-- Name: django_celery_beat_periodictask django_celery_beat_p_crontab_id_d3cba168_fk_django_ce; Type: FK CONSTRAINT; Schema: public; Owner: databaseadmin
--

ALTER TABLE ONLY public.django_celery_beat_periodictask
    ADD CONSTRAINT django_celery_beat_p_crontab_id_d3cba168_fk_django_ce FOREIGN KEY (crontab_id) REFERENCES public.django_celery_beat_crontabschedule(id) DEFERRABLE INITIALLY DEFERRED;


--
-- Name: django_celery_beat_periodictask django_celery_beat_p_interval_id_a8ca27da_fk_django_ce; Type: FK CONSTRAINT; Schema: public; Owner: databaseadmin
--

ALTER TABLE ONLY public.django_celery_beat_periodictask
    ADD CONSTRAINT django_celery_beat_p_interval_id_a8ca27da_fk_django_ce FOREIGN KEY (interval_id) REFERENCES public.django_celery_beat_intervalschedule(id) DEFERRABLE INITIALLY DEFERRED;


--
-- Name: django_celery_beat_periodictask django_celery_beat_p_solar_id_a87ce72c_fk_django_ce; Type: FK CONSTRAINT; Schema: public; Owner: databaseadmin
--

ALTER TABLE ONLY public.django_celery_beat_periodictask
    ADD CONSTRAINT django_celery_beat_p_solar_id_a87ce72c_fk_django_ce FOREIGN KEY (solar_id) REFERENCES public.django_celery_beat_solarschedule(id) DEFERRABLE INITIALLY DEFERRED;


--
-- PostgreSQL database dump complete
--

